<?xml version="1.0" encoding="UTF-8"?>
<beans xmlns="http://www.springframework.org/schema/beans"
       xmlns:xsi="http://www.w3.org/2001/XMLSchema-instance"
       xmlns:context="http://www.springframework.org/schema/context"
       xmlns:dubbo="http://code.alibabatech.com/schema/dubbo"
       xsi:schemaLocation="http://www.springframework.org/schema/beans
        http://www.springframework.org/schema/beans/spring-beans.xsd
        http://www.springframework.org/schema/context
        http://www.springframework.org/schema/context/spring-context-3.0.xsd
        http://code.alibabatech.com/schema/dubbo
        http://code.alibabatech.com/schema/dubbo/dubbo.xsd" default-autowire="byName">

    <context:annotation-config/>
    <context:component-scan base-package="com.gupao.vip.mic.dubbo.order"/>
    <!--当前项目在整个分布式架构里面的唯一名称，计算依赖关系的标签-->
    <dubbo:application name="order-provider" owner="mic"/>
    <!--dubbo这个服务所要暴露的服务地址所对应的注册中心-->
    <dubbo:registry protocol="zookeeper" address="192.168.11.129:2181,192.168.11.137:2181,192.168.11.138:2181"/>


    <!--当前服务发布所依赖的协议；webserovice、Thrift、Hessain、http-->
    <dubbo:protocol name="dubbo" port="20880" host="177.1.1.82"/>

    <!--增加hessian协议-->
    <dubbo:protocol name="hessian" port="8090" server="jetty"/>

    <!--服务发布的配置，需要暴露的服务接口-->
    <dubbo:service interface="com.gupao.vip.mic.dubbo.order.IOrderServices" ref="orderService" protocol="dubbo" version="1.0"
                   loadbalance="random" timeout="5000">
    </dubbo:service>

    <!--服务发布的配置，需要暴露的服务接口-->
    <dubbo:service interface="com.gupao.vip.mic.dubbo.order.IOrderServices" ref="orderService2" protocol="dubbo" version="2.0"/>

    <dubbo:service interface="com.gupao.vip.mic.dubbo.order.IOrderQueryService" ref="orderQueryService" protocol="dubbo" version="1.0"/>

    <import resource="classpath*:META-INF/client/user-customer.xml"/>

</beans>